item,reference,title,scans,pages,properties,first_year,last_year
1,BRG48-43-10-1,Gorsuch House and Mr. Nifty,43,24,15,1970,1978
2,BRG48-43-10-2,Shoe World,15,14,2,1977,1978
3,BRG48-43-10-3,Tugboat Annie's,54,27,2,1979,1979
4,BRG48-43-10-4,A&P Gorsuch Avenue,42,41,2,1978,1979
5,BRG48-43-10-5,Waverly Design Standards,56,40,14,1976,1977
6,BRG48-43-10-6,Waverly Historic Survey,67,26,18,1977,1988
7,BRG48-43-10-7,Pylon-Waverly,21,21,1,1978,1979
8,BRG48-43-10-8,Waverly Plan (Final),33,27,6,1979,1979
9,BRG48-43-10-9,Waverly U.R.P. (Urban Renewal Plan),5,3,3,1979,1979
10,BRG48-43-10-10,"Subway Shop, Greenmount and Calvin",34,29,3,1953,1979
11,BRG48-43-10-11,Waverly (Misc.) Meetings,49,38,11,1877,1980
12,BRG48-43-10-12,Waverly Parking Lot (1 of 2),100,65,13,1953,1981
13,BRG48-43-10-13,Waverly Parking Lot (2 of 2),13,13,1,1979,1984
14,BRG48-43-10-14,Waverly Parking Lot Design,32,31,2,1979,1980
15,BRG48-43-10-15,33 Street Median,112,112,1,1977,1980
16,BRG48-43-10-16,Waverly Harry's Facade & Logo,97,82,11,1977,1982
17,BRG48-43-10-17,Tree Grates,7,7,1,1983,1983
18,BRG48-43-10-18,Waverly / 29th and Greenmount,7,5,2,1981,1983
19,BRG48-43-10-19,Waverly / York,71,71,1,1976,1980
20,BRG48-43-10-20,Waverly Area Revitalization,257,173,36,1979,1983
21,BRG48-43-10-21,Miscellaneous (1 of 3),268,145,67,1976,1979
22,BRG48-43-10-22,Miscellaneous (2 of 3),271,185,60,1956,1978
23,BRG48-43-10-23,Miscellaneous (3 of 3),319,227,26,1973,1977
24,BRG48-43-10-24,"Waverly Parking Lot, Expenditures",6,6,1,1980,1980
25,BRG48-43-10-25,"Consultants, Waverly",38,38,1,1978,1979
26,BRG48-43-10-26,Waverly Logo,41,40,2,1977,1978
27,BRG48-43-10-27,"Waverly Public Improvement, Miscellaneous",9,9,2,1977,1980
28,BRG48-43-10-28,Waverly Public Improvement,36,36,2,1978,1979
29,BRG48-43-10-29,Waverly Parking-Lot Construction,40,40,1,1980,1984
30,BRG48-43-10-30,Waverly Public Improvements (Hurst-Roche),20,20,2,1978,1979
31,BRG48-43-10-31,"Waverly, Drawing and Spec. Info",97,97,1,1975,1979
