id,property_id,address,label,scan_date,floors,rooms,is_primary,model_id,share_url
2,640,"2602 Greenmount Ave, Baltimore, MD","",2026-06-09,1,25,true,CdhUhNjTTe9,https://my.matterport.com/show/?m=CdhUhNjTTe9
5,720,"3011 Greenmount Ave, Baltimore, MD","",2026-06-09,2,8,true,BDVE8wg8GVY,https://my.matterport.com/show/?m=BDVE8wg8GVY
6,721,"3015 Greenmount Ave, Baltimore, MD","",2026-06-12,3,10,true,khztwLZKhzt,https://my.matterport.com/show/?m=khztwLZKhzt
21,725,"3026 Greenmount Ave, Baltimore, MD",3026 (named 3028 in Matterport),2026-08-20,3,7,true,troW74Dy6a2,https://my.matterport.com/show/?m=troW74Dy6a2
7,737,"3107 Greenmount Ave, Baltimore, MD","",2026-04-07,2,20,true,tL9uQWPdGiN,https://my.matterport.com/show/?m=tL9uQWPdGiN
8,742,"3117 Greenmount Ave, Baltimore, MD","",2026-06-19,2,9,true,mGBbqQQ23KB,https://my.matterport.com/show/?m=mGBbqQQ23KB
18,752,"3200 Greenmount Ave, Baltimore, MD",Aug 2026 rescan,2026-08-27,2,6,true,EZ7i5FsNiGe,https://my.matterport.com/show/?m=EZ7i5FsNiGe
9,768,"3224 Greenmount Ave, Baltimore, MD","",2026-04-11,2,10,true,UdtstbALza6,https://my.matterport.com/show/?m=UdtstbALza6
11,773,"3313 Greenmount Ave, Baltimore, MD","",2026-06-23,3,15,true,nujehznY8id,https://my.matterport.com/show/?m=nujehznY8id
12,773,"3313 Greenmount Ave, Baltimore, MD",auxiliary room,2026-06-23,1,4,false,9JWg5SMG9nT,https://my.matterport.com/show/?m=9JWg5SMG9nT
19,776,"3326 Greenmount Ave, Baltimore, MD",3330 Greenmount,2026-08-24,1,3,true,SLxWBphexwB,https://my.matterport.com/show/?m=SLxWBphexwB
20,778,"3334 Greenmount Ave, Baltimore, MD","",2026-08-24,1,1,true,ygaLYvRxofU,https://my.matterport.com/show/?m=ygaLYvRxofU
13,785,"3360 Greenmount Ave, Baltimore, MD","",2026-06-18,2,5,true,uKDhZb8F21Q,https://my.matterport.com/show/?m=uKDhZb8F21Q
