id,address_of_record,created_at,data,filing_date,grant_date,ip_type,match_confidence,number,owner_name,property_id,source,status,title,updated_at
3,"2907 GREENMOUNT AVE., BALTIMORE, MD, 21218",2026-07-11 11:03:34 -0400,"{""evidence"":""Owner address of record matched a corridor parcel (modern-exact) in the USPTO Trademark Case Files owner table."",""relevance"":""A registered trademark filed from a corridor address — first-class IP provenance for the parcel."",""abandon_dt"":""1984-03-31"",""owner_type"":""10"",""matched_via"":""modern-exact"",""raw_address"":""2907 GREENMOUNT AVE."",""registration_no"":""0000000"",""uspto_status_cd"":""602""}",1982-09-30,,trademark,high,73397883,"FERNANDEZ, JOHN J.",696,uspto_trademark_case_files,abandoned,APC WHOLESALERS,2026-07-11 11:07:33 -0400
4,"2907 GREENMOUNT AVE., BALTIMORE, MD, 21218",2026-07-11 11:03:34 -0400,"{""evidence"":""Owner address of record matched a corridor parcel (modern-exact) in the USPTO Trademark Case Files owner table."",""relevance"":""A registered trademark filed from a corridor address — first-class IP provenance for the parcel."",""abandon_dt"":""1984-03-31"",""owner_type"":""10"",""matched_via"":""modern-exact"",""raw_address"":""2907 GREENMOUNT AVE."",""registration_no"":""0000000"",""uspto_status_cd"":""602""}",1982-09-30,,trademark,high,73397884,"FERNANDEZ, JOHN J.",696,uspto_trademark_case_files,abandoned,APC,2026-07-11 11:07:33 -0400
5,"3223 Greenmount Avenue, Baltimore, MD, 21208",2026-07-11 11:03:34 -0400,"{""evidence"":""Owner address of record matched a corridor parcel (modern-exact) in the USPTO Trademark Case Files owner table."",""relevance"":""A registered trademark filed from a corridor address — first-class IP provenance for the parcel."",""owner_type"":""10"",""matched_via"":""modern-exact"",""raw_address"":""3223 Greenmount Avenue"",""registration_no"":""2388331"",""uspto_status_cd"":""710""}",1998-05-22,2000-09-19,trademark,high,75489707,"Dryclean MAX, Inc.",767,uspto_trademark_case_files,registered,DRYCLEAN MAX,2026-07-11 12:38:44 -0400
6,"3308 GREENMOUNT AVE, BALTIMORE, MD, 21218",2026-07-11 11:03:34 -0400,"{""evidence"":""Owner address of record matched a corridor parcel (modern-exact) in the USPTO Trademark Case Files owner table."",""relevance"":""A registered trademark filed from a corridor address — first-class IP provenance for the parcel."",""abandon_dt"":""2007-01-26"",""owner_type"":""10"",""matched_via"":""modern-exact"",""raw_address"":""3308 GREENMOUNT AVE"",""registration_no"":""0000000"",""uspto_status_cd"":""602""}",2006-02-02,,trademark,high,76654495,DECOI ENTERPRISE,772,uspto_trademark_case_files,abandoned,DECOI RECORDS,2026-07-11 11:07:33 -0400
7,"3401 GreenMount Avenue, Baltimore, MD, 21218",2026-07-11 11:03:35 -0400,"{""evidence"":""Owner address of record matched a corridor parcel (modern-exact) in the USPTO Trademark Case Files owner table."",""relevance"":""A registered trademark filed from a corridor address — first-class IP provenance for the parcel."",""abandon_dt"":""2001-02-21"",""owner_type"":""10"",""matched_via"":""modern-exact"",""raw_address"":""3401 GreenMount Avenue"",""registration_no"":""0000000"",""uspto_status_cd"":""602""}",2000-03-24,,trademark,high,78000956,Papa Sallis,787,uspto_trademark_case_files,abandoned,"PAPA SALLIS ""SERVES YOU BETTER""",2026-07-11 11:07:33 -0400
8,"3308 Greenmount Ave, Baltimore, MD, 21218",2026-07-11 11:03:35 -0400,"{""evidence"":""Owner address of record matched a corridor parcel (modern-exact) in the USPTO Trademark Case Files owner table."",""relevance"":""A registered trademark filed from a corridor address — first-class IP provenance for the parcel."",""abandon_dt"":""2007-03-01"",""owner_type"":""10"",""matched_via"":""modern-exact"",""raw_address"":""3308 Greenmount Ave"",""registration_no"":""0000000"",""uspto_status_cd"":""602""}",2004-11-22,,trademark,high,78520811,"Decoi Enterprise, Inc.",772,uspto_trademark_case_files,abandoned,DECOI,2026-07-11 11:07:33 -0400
9,"428 E. 25th Street, Baltimore, MD, 21218",2026-07-11 11:03:35 -0400,"{""evidence"":""Owner address of record matched a corridor parcel (modern-exact) in the USPTO Trademark Case Files owner table."",""relevance"":""A registered trademark filed from a corridor address — first-class IP provenance for the parcel."",""owner_type"":""10"",""matched_via"":""modern-exact"",""raw_address"":""428 E. 25th Street"",""registration_no"":""4840363"",""uspto_status_cd"":""700""}",2015-02-27,2015-10-27,trademark,high,86548477,"CCG Management, LLC",864,uspto_trademark_case_files,registered,CCG CONCERTED CARE GROUP,2026-07-11 12:38:45 -0400
11,"3028 Greenmount Ave., Suite 200, Baltimore, MD, 21218",2026-07-11 11:03:35 -0400,"{""evidence"":""Owner address of record matched a corridor parcel (modern-exact) in the USPTO Trademark Case Files owner table."",""relevance"":""A registered trademark filed from a corridor address — first-class IP provenance for the parcel."",""owner_type"":""20"",""matched_via"":""modern-exact"",""raw_address"":""3028 Greenmount Ave., Suite 200"",""registration_no"":""7164612"",""uspto_status_cd"":""700""}",2020-09-25,2023-09-12,trademark,high,90210313,"Officeflex, LLC",726,uspto_trademark_case_files,registered,OFFICEFLEX,2026-07-11 12:38:46 -0400
12,"2605 Greenmount Avenue, Baltimore, MD, 21218",2026-07-11 11:03:35 -0400,"{""evidence"":""Owner address of record matched a corridor parcel (modern-exact) in the USPTO Trademark Case Files owner table."",""relevance"":""A registered trademark filed from a corridor address — first-class IP provenance for the parcel."",""abandon_dt"":""2023-03-24"",""owner_type"":""10"",""matched_via"":""modern-exact"",""raw_address"":""2605 Greenmount Avenue"",""registration_no"":""0000000"",""uspto_status_cd"":""602""}",2021-12-02,,trademark,high,97153648,Parthas LLC,642,uspto_trademark_case_files,abandoned,PARTHAS LLC,2026-07-11 11:07:34 -0400
13,"3028 GREENMOUNT AVE., UNIT #1043, BALTIMORE, MD, 21218",2026-07-11 11:03:35 -0400,"{""evidence"":""Owner address of record matched a corridor parcel (modern-exact) in the USPTO Trademark Case Files owner table."",""relevance"":""A registered trademark filed from a corridor address — first-class IP provenance for the parcel."",""owner_type"":""31"",""matched_via"":""modern-exact"",""raw_address"":""3028 GREENMOUNT AVE., UNIT #1043"",""registration_no"":""7046357"",""uspto_status_cd"":""700""}",2021-12-08,2023-05-09,trademark,high,97161508,DESOLAR LLC,726,uspto_trademark_case_files,registered,DESOLAR,2026-07-11 11:07:34 -0400
14,"3028 Greenmount Ave, Baltimore, MD, 21218",2026-07-11 11:03:35 -0400,"{""evidence"":""Owner address of record matched a corridor parcel (modern-exact) in the USPTO Trademark Case Files owner table."",""relevance"":""A registered trademark filed from a corridor address — first-class IP provenance for the parcel."",""owner_type"":""10"",""matched_via"":""modern-exact"",""raw_address"":""3028 Greenmount Ave"",""registration_no"":""0000000"",""uspto_status_cd"":""630""}",2022-10-18,,trademark,high,97637378,Anthony Clay,726,uspto_trademark_case_files,pending,CERTIFIED ONES CLOTHING,2026-07-11 11:07:34 -0400
44,"424 E. 33rd St., Baltimore, MD, 21214",2026-07-11 12:38:44 -0400,"{""geo_box"":""core"",""evidence"":""Owner address of record falls inside the corridor IP box (cross-33) — USPTO Trademark Case Files; no held parcel, ground-anchored."",""relevance"":""A registered trademark filed from within the corridor neighborhood — the neighborhood generates the IP."",""abandon_dt"":""1995-11-23"",""owner_type"":""10"",""matched_via"":""cross-33"",""raw_address"":""424 E. 33rd St."",""corridor_block"":33,""registration_no"":""0000000"",""uspto_status_cd"":""602"",""matched_location"":""424 E. 33rd St.""}",1994-12-13,,trademark,medium,74610598,"Kemon, John",,uspto_trademark_case_files,abandoned,PAWN-IT,2026-07-11 12:39:21 -0400
45,"424 E. 33rd St., Baltimore, MD, 21214",2026-07-11 12:38:44 -0400,"{""geo_box"":""core"",""evidence"":""Owner address of record falls inside the corridor IP box (cross-33) — USPTO Trademark Case Files; no held parcel, ground-anchored."",""relevance"":""A registered trademark filed from within the corridor neighborhood — the neighborhood generates the IP."",""abandon_dt"":""1995-11-23"",""owner_type"":""10"",""matched_via"":""cross-33"",""raw_address"":""424 E. 33rd St."",""corridor_block"":33,""registration_no"":""0000000"",""uspto_status_cd"":""602"",""matched_location"":""424 E. 33rd St.""}",1994-12-13,,trademark,medium,74610599,"Kemon, John",,uspto_trademark_case_files,abandoned,"PAWN-IT, INC.",2026-07-11 12:39:21 -0400
70,"401 E 31st Street, Baltimore, MD, 21218",2026-07-11 12:38:44 -0400,"{""geo_box"":""core"",""evidence"":""Owner address of record falls inside the corridor IP box (cross-31) — USPTO Trademark Case Files; no held parcel, ground-anchored."",""relevance"":""A registered trademark filed from within the corridor neighborhood — the neighborhood generates the IP."",""abandon_dt"":""2008-05-20"",""owner_type"":""10"",""matched_via"":""cross-31"",""raw_address"":""401 E 31st Street"",""corridor_block"":31,""registration_no"":""0000000"",""uspto_status_cd"":""602"",""matched_location"":""401 E 31st Street""}",2007-08-09,,trademark,medium,77251678,"FetchFood, Inc.",,uspto_trademark_case_files,abandoned,FETCHFOOD.COM,2026-07-11 12:39:22 -0400
87,"602 E. 30th St., Baltimore, MD, 21218",2026-07-11 12:38:45 -0400,"{""geo_box"":""core"",""evidence"":""Owner address of record falls inside the corridor IP box (cross-30) — USPTO Trademark Case Files; no held parcel, ground-anchored."",""relevance"":""A registered trademark filed from within the corridor neighborhood — the neighborhood generates the IP."",""abandon_dt"":""2012-05-07"",""owner_type"":""10"",""matched_via"":""cross-30"",""raw_address"":""602 E. 30th St."",""corridor_block"":30,""registration_no"":""0000000"",""uspto_status_cd"":""606"",""matched_location"":""602 E. 30th St.""}",2011-01-13,,trademark,medium,85216838,"Diehl, Colter L",,uspto_trademark_case_files,abandoned,BRÜDER BEER,2026-07-11 12:39:22 -0400
108,"611 E 34th St, Baltimore, MD, 21218",2026-07-11 12:38:45 -0400,"{""geo_box"":""core"",""evidence"":""Owner address of record falls inside the corridor IP box (cross-34) — USPTO Trademark Case Files; no held parcel, ground-anchored."",""relevance"":""A registered trademark filed from within the corridor neighborhood — the neighborhood generates the IP."",""abandon_dt"":""2019-05-08"",""owner_type"":""10"",""matched_via"":""cross-34"",""raw_address"":""611 E 34th St"",""corridor_block"":34,""registration_no"":""0000000"",""uspto_status_cd"":""602"",""matched_location"":""611 E 34th St""}",2018-07-12,,trademark,medium,88035665,DCL Enterprises,,uspto_trademark_case_files,abandoned,PURSUING POSSIBILITIES,2026-07-11 12:39:22 -0400
114,"648 E 35th St., Baltimore, MD, 21218",2026-07-11 12:38:46 -0400,"{""geo_box"":""core"",""evidence"":""Owner address of record falls inside the corridor IP box (cross-35) — USPTO Trademark Case Files; no held parcel, ground-anchored."",""relevance"":""A registered trademark filed from within the corridor neighborhood — the neighborhood generates the IP."",""owner_type"":""10"",""matched_via"":""cross-35"",""raw_address"":""648 E 35th St."",""corridor_block"":35,""registration_no"":""6877834"",""uspto_status_cd"":""700"",""matched_location"":""648 E 35th St.""}",2021-09-24,2022-10-18,trademark,medium,97044639,"James, Shanel K.",,uspto_trademark_case_files,registered,BW BEAUTY SUPPLY,2026-07-11 12:39:22 -0400
118,"3216 Barclay St, Baltimore, MD, 21218",2026-07-11 12:38:46 -0400,"{""geo_box"":""core"",""evidence"":""Owner address of record falls inside the corridor IP box (ns-barclay) — USPTO Trademark Case Files; no held parcel, ground-anchored."",""relevance"":""A registered trademark filed from within the corridor neighborhood — the neighborhood generates the IP."",""owner_type"":""10"",""matched_via"":""ns-barclay"",""raw_address"":""3216 Barclay St"",""corridor_block"":32,""registration_no"":""0000000"",""uspto_status_cd"":""630"",""matched_location"":""3216 Barclay St""}",2023-07-31,,trademark,medium,98108788,Declassify UAP LLC,,uspto_trademark_case_files,pending,DECLASSIFY UAP,2026-07-11 12:39:22 -0400
119,"3216 Barclay St, Baltimore, MD, 21218",2026-07-11 12:38:46 -0400,"{""geo_box"":""core"",""evidence"":""Owner address of record falls inside the corridor IP box (ns-barclay) — USPTO Trademark Case Files; no held parcel, ground-anchored."",""relevance"":""A registered trademark filed from within the corridor neighborhood — the neighborhood generates the IP."",""owner_type"":""10"",""matched_via"":""ns-barclay"",""raw_address"":""3216 Barclay St"",""corridor_block"":32,""registration_no"":""0000000"",""uspto_status_cd"":""630"",""matched_location"":""3216 Barclay St""}",2023-07-31,,trademark,medium,98108812,Declassify UAP LLC,,uspto_trademark_case_files,pending,DECLASSIFY UAP,2026-07-11 12:39:22 -0400
120,"3216 Barclay St, Baltimore, MD, 21218",2026-07-11 12:38:46 -0400,"{""geo_box"":""core"",""evidence"":""Owner address of record falls inside the corridor IP box (ns-barclay) — USPTO Trademark Case Files; no held parcel, ground-anchored."",""relevance"":""A registered trademark filed from within the corridor neighborhood — the neighborhood generates the IP."",""owner_type"":""10"",""matched_via"":""ns-barclay"",""raw_address"":""3216 Barclay St"",""corridor_block"":32,""registration_no"":""0000000"",""uspto_status_cd"":""630"",""matched_location"":""3216 Barclay St""}",2023-07-31,,trademark,medium,98108828,Declassify UAP LLC,,uspto_trademark_case_files,pending,DECLASSIFY UAP,2026-07-11 12:39:22 -0400
121,"3216 Barclay St, Baltimore, MD, 21218",2026-07-11 12:38:46 -0400,"{""geo_box"":""core"",""evidence"":""Owner address of record falls inside the corridor IP box (ns-barclay) — USPTO Trademark Case Files; no held parcel, ground-anchored."",""relevance"":""A registered trademark filed from within the corridor neighborhood — the neighborhood generates the IP."",""owner_type"":""10"",""matched_via"":""ns-barclay"",""raw_address"":""3216 Barclay St"",""corridor_block"":32,""registration_no"":""0000000"",""uspto_status_cd"":""630"",""matched_location"":""3216 Barclay St""}",2023-07-31,,trademark,medium,98108850,Declassify UAP LLC,,uspto_trademark_case_files,pending,DECLASSIFY UAP,2026-07-11 12:39:22 -0400
238,"P.O. Box 24129, Baltimore, MD 21227",2026-07-12 13:05:53 -0400,"{""drawing"":""typed drawing (standard characters)"",""evidence"":""USPTO Trademark Search (interactive), owner 'Greenmount Moving \u0026 Storage, Inc.' = the Conklin family moving/storage company at 2602-2604 Greenmount Ave. The mark's First Use 'January 1910' corroborates the company's 1910 founding (resolving the 1910-vs-1915 question)."",""first_use"":""1910-01"",""mark_type"":""service mark"",""relevance"":""A corridor service mark tied to 2602 Greenmount (the Conklin warehouse). Missed by the address-based bulk import because the owner address of record is a P.O. Box, not the street."",""confidence"":""documented"",""status_detail"":""Registration cancelled 2000-12-23 (no Section 8 declaration filed)."",""goods_services"":""moving and storage of household items"",""source_document"":""USPTO Trademark Search, serial 74320840 (reg. 1787086)"",""international_class"":""039"",""registration_number"":""1787086"",""first_use_in_commerce"":""1910-01""}",1992-10-08,1993-08-10,trademark,high,74320840,"Greenmount Moving & Storage, Inc.",640,uspto_trademark_search,cancelled,GREENMOUNT,2026-07-13 18:41:03 -0400
239,"P.O. Box 24129, Baltimore, MD 21227",2026-07-12 13:05:53 -0400,"{""drawing"":""words plus design (laurel wreath + speed/wind lines; disclaimer 'SINCE 1910')"",""evidence"":""USPTO Trademark Search (interactive), owner 'Greenmount Moving \u0026 Storage, Inc.' = the Conklin family moving/storage company at 2602-2604 Greenmount Ave. The mark's First Use 'January 1910' corroborates the company's 1910 founding (resolving the 1910-vs-1915 question)."",""first_use"":""1910-01"",""mark_type"":""service mark"",""relevance"":""A corridor service mark tied to 2602 Greenmount (the Conklin warehouse). Missed by the address-based bulk import because the owner address of record is a P.O. Box, not the street."",""confidence"":""documented"",""status_detail"":""Registration not renewed; expired/cancelled 2004-05-15 (Sec. 8/9)."",""goods_services"":""moving and storage of household items"",""source_document"":""USPTO Trademark Search, serial 74320838 (reg. 1787085)"",""international_class"":""039"",""registration_number"":""1787085"",""first_use_in_commerce"":""1910-01""}",1992-10-08,1993-08-10,trademark,high,74320838,"Greenmount Moving & Storage, Inc.",640,uspto_trademark_search,expired,GREENMOUNT SINCE 1910,2026-07-13 18:41:03 -0400
240,"3215 Greenmount Ave, Baltimore, MD 21218",2026-07-14 05:57:38 -0400,"{""evidence"":""Maryland SDAT business entity register (D00740985): Butter Crisp Bakery, Inc."",""entity_id"":""D00740985"",""forfeited"":""1989-10-11"",""relevance"":""The bakery corporation that operated 3215 Greenmount 1977-1987 (the SDAT-entity stratum)."",""confidence"":""documented"",""entity_type"":""Corporation (Ordinary Business - Stock)"",""incorporated"":""1977-03-21"",""resident_agent"":""Michael Gotti"",""mailing_address"":""5900 Benton Heights Rd, Baltimore MD 21206"",""source_document"":""MD SDAT business entity D00740985"",""articles_film_folio"":""F2378/461""}",1977-03-21,,entity,high,D00740985,Michael Gotti (resident agent),760,sdat_business_entity,forfeited,"Butter Crisp Bakery, Inc.",2026-07-14 05:57:38 -0400
241,"3111 Greenmount Ave, Baltimore, MD",2026-08-12 23:25:54 -0400,"{""note"":""Chartered by the Maryland Legislature in 1886 to encourage thrift and providence among wage earners whose small deposits had not been sought after by the existing savings banks (NRHP B-2277). Operated the Waverly Branch at 3111 Greenmount from c.1916 until 19 Mar 1999. Converted mutual to stock 1987 as Provident Bankshares Corporation."",""clipped_by"":""whitepaper""}",1886-03-01,,entity,high,PROVIDENT-1886,Provident Savings Bank of Baltimore,738,whitepaper,registered,Provident Savings Bank of Baltimore,2026-08-12 23:25:54 -0400
242,"3111 Greenmount Ave, Baltimore, MD",2026-08-12 23:25:54 -0400,"{""note"":""M\u0026T Bank Corporation completed its acquisition of Provident Bankshares on 23 May 2009 and Provident Bank was merged into M\u0026T Bank, making M\u0026T the corporate successor to the institution that built and operated 3111 Greenmount. FDIC certificate 588, established 1 Jan 1856."",""clipped_by"":""whitepaper""}",2009-05-23,,entity,high,MTB-CERT-588,M&T Bank (Manufacturers and Traders Trust Company),738,whitepaper,registered,M&T Bank (Manufacturers and Traders Trust Company),2026-08-12 23:25:54 -0400
